Table 1: Average Temperature for Various Regions Weighted by Area and Population,North Hemisphere By Area (C),South Hemisphere By Area (C),Tropical By Area (C),North Hemisphere By Area (C),South Hemisphere By Area (C),TropicalByPop
Average,15.978316105737614,16.042556068624773,21.856793139877468,20.275591925621065,18.710251873960413,17.697182623316433
Standard Deviation,5.261732708450637,3.4443672926415254,2.892350636590842,5.334946725086112,2.770653865147169,3.7748119383497847
